{
    "bci": {
        "channels": [
            "tb06v",
            "tb37h",
            "tb37v"
        ],
        "cice": {
            "fyi_tp": [
                255.80252485765024,
                239.48188230762756,
                254.1536538548574
            ],
            "myi_tp": [
                252.17275914635417,
                180.2891353836755,
                194.82404516048905
            ],
            "tp": [
                254.13958740234375,
                212.36337280273438,
                226.97244262695312
            ],
            "u": [
                0.043269919256850364,
                0.7056282922117452,
                0.7072598018534925
            ]
        },
        "cice_sdev": 2.538221533734504,
        "n": 3,
        "ow": {
            "tp": [
                162.6316680908203,
                152.5373992919922,
                215.739013671875
            ]
        },
        "ow_sdev": 5.1005359054747545,
        "owf_hw": [
            163.85342371887205,
            172.46129450900827,
            235.70897567434528
        ],
        "owf_lw": [
            161.90641224018358,
            140.71022105614782,
            203.88448937360735
        ],
        "owf_threshold": 0.1,
        "v": [
            0.8032303349693426,
            0.39639699199506734,
            -0.4446239464112355
        ]
    },
    "bow": {
        "channels": [
            "tb06v",
            "tb37h",
            "tb37v"
        ],
        "cice": {
            "fyi_tp": [
                255.80252485765024,
                239.48188230762756,
                254.1536538548574
            ],
            "myi_tp": [
                252.17275914635417,
                180.2891353836755,
                194.82404516048905
            ],
            "tp": [
                254.13958740234375,
                212.36337280273438,
                226.97244262695312
            ],
            "u": [
                0.043269919256850364,
                0.7056282922117452,
                0.7072598018534925
            ]
        },
        "cice_sdev": 3.728373551607963,
        "n": 3,
        "ow": {
            "tp": [
                162.6316680908203,
                152.5373992919922,
                215.739013671875
            ]
        },
        "ow_sdev": 2.1005262099090825,
        "owf_hw": [
            163.85342371887205,
            172.46129450900827,
            235.70897567434528
        ],
        "owf_lw": [
            161.90641224018358,
            140.71022105614782,
            203.88448937360735
        ],
        "owf_threshold": 0.1,
        "v": [
            0.9937357782414304,
            -0.10340976606230215,
            0.0423747958796288
        ]
    }
}