{
    "bci": {
        "channels": [
            "tb06v",
            "tb37h",
            "tb37v"
        ],
        "cice": {
            "fyi_tp": [
                256.09485291142397,
                242.6401094135818,
                256.92202853400516
            ],
            "myi_tp": [
                251.4046301558231,
                183.38162260965086,
                198.4711166118572
            ],
            "tp": [
                254.0802459716797,
                217.18661499023438,
                231.81541442871094
            ],
            "u": [
                0.05625986770172182,
                0.7108137079016588,
                0.7011267360080344
            ]
        },
        "cice_sdev": 2.251400133597187,
        "n": 3,
        "ow": {
            "tp": [
                156.8494706668603,
                139.4641404472289,
                210.74764330316677
            ]
        },
        "ow_sdev": 2.453967309171295,
        "owf_hw": [
            157.86328862787414,
            152.2731948130552,
            223.38213582775907
        ],
        "owf_lw": [
            156.36459148308816,
            133.3379481083362,
            204.70493873658643
        ],
        "owf_threshold": 0.1,
        "v": [
            0.710937857954075,
            0.46453014722678226,
            -0.5279953640375401
        ]
    },
    "bow": {
        "channels": [
            "tb06v",
            "tb37h",
            "tb37v"
        ],
        "cice": {
            "fyi_tp": [
                256.09485291142397,
                242.6401094135818,
                256.92202853400516
            ],
            "myi_tp": [
                251.4046301558231,
                183.38162260965086,
                198.4711166118572
            ],
            "tp": [
                254.0802459716797,
                217.18661499023438,
                231.81541442871094
            ],
            "u": [
                0.05625986770172182,
                0.7108137079016588,
                0.7011267360080344
            ]
        },
        "cice_sdev": 2.7872868892184854,
        "n": 3,
        "ow": {
            "tp": [
                156.8494706668603,
                139.4641404472289,
                210.74764330316677
            ]
        },
        "ow_sdev": 0.7772301096846,
        "owf_hw": [
            157.86328862787414,
            152.2731948130552,
            223.38213582775907
        ],
        "owf_lw": [
            156.36459148308816,
            133.3379481083362,
            204.70493873658643
        ],
        "owf_threshold": 0.1,
        "v": [
            0.9812217793424473,
            0.09040163501926439,
            -0.170385927030033
        ]
    }
}