{
    "bci": {
        "channels": [
            "tb06v",
            "tb37h",
            "tb37v"
        ],
        "cice": {
            "fyi_tp": [
                256.09485291142397,
                242.6401094135818,
                256.92202853400516
            ],
            "myi_tp": [
                251.4046301558231,
                183.38162260965086,
                198.4711166118572
            ],
            "tp": [
                254.0802459716797,
                217.18661499023438,
                231.81541442871094
            ],
            "u": [
                0.05625986770172182,
                0.7108137079016588,
                0.7011267360080344
            ]
        },
        "cice_sdev": 2.2910020996547966,
        "n": 3,
        "ow": {
            "tp": [
                158.9927191570726,
                139.49295261401983,
                210.57794514495632
            ]
        },
        "ow_sdev": 2.484225618236788,
        "owf_hw": [
            160.01644154670365,
            152.42714420319277,
            223.33586952234327
        ],
        "owf_lw": [
            158.50999938909757,
            133.39404335296481,
            204.5621518423259
        ],
        "owf_threshold": 0.1,
        "v": [
            0.710937857954075,
            0.46453014722678226,
            -0.5279953640375401
        ]
    },
    "bow": {
        "channels": [
            "tb06v",
            "tb37h",
            "tb37v"
        ],
        "cice": {
            "fyi_tp": [
                256.09485291142397,
                242.6401094135818,
                256.92202853400516
            ],
            "myi_tp": [
                251.4046301558231,
                183.38162260965086,
                198.4711166118572
            ],
            "tp": [
                254.0802459716797,
                217.18661499023438,
                231.81541442871094
            ],
            "u": [
                0.05625986770172182,
                0.7108137079016588,
                0.7011267360080344
            ]
        },
        "cice_sdev": 2.84880798880063,
        "n": 3,
        "ow": {
            "tp": [
                158.9927191570726,
                139.49295261401983,
                210.57794514495632
            ]
        },
        "ow_sdev": 0.8018427808295311,
        "owf_hw": [
            160.01644154670365,
            152.42714420319277,
            223.33586952234327
        ],
        "owf_lw": [
            158.50999938909757,
            133.39404335296481,
            204.5621518423259
        ],
        "owf_threshold": 0.1,
        "v": [
            0.9812217793424473,
            0.09040163501926439,
            -0.170385927030033
        ]
    }
}