{
    "bci": {
        "channels": [
            "tb06v",
            "tb37h",
            "tb37v"
        ],
        "cice": {
            "fyi_tp": [
                256.09485291142397,
                242.6401094135818,
                256.92202853400516
            ],
            "myi_tp": [
                251.4046301558231,
                183.38162260965086,
                198.4711166118572
            ],
            "tp": [
                254.0802459716797,
                217.18661499023438,
                231.81541442871094
            ],
            "u": [
                0.05625986770172182,
                0.7108137079016588,
                0.7011267360080344
            ]
        },
        "cice_sdev": 2.240974585324516,
        "n": 3,
        "ow": {
            "tp": [
                155.8068238182032,
                139.51073568632128,
                210.21390819801897
            ]
        },
        "ow_sdev": 2.4308373261459906,
        "owf_hw": [
            156.8292895743382,
            152.42905037511565,
            222.95617204548566
        ],
        "owf_lw": [
            155.32195340471256,
            133.38465415530197,
            204.1713129292219
        ],
        "owf_threshold": 0.1,
        "v": [
            0.710937857954075,
            0.46453014722678226,
            -0.5279953640375401
        ]
    },
    "bow": {
        "channels": [
            "tb06v",
            "tb37h",
            "tb37v"
        ],
        "cice": {
            "fyi_tp": [
                256.09485291142397,
                242.6401094135818,
                256.92202853400516
            ],
            "myi_tp": [
                251.4046301558231,
                183.38162260965086,
                198.4711166118572
            ],
            "tp": [
                254.0802459716797,
                217.18661499023438,
                231.81541442871094
            ],
            "u": [
                0.05625986770172182,
                0.7108137079016588,
                0.7011267360080344
            ]
        },
        "cice_sdev": 2.7613634834926466,
        "n": 3,
        "ow": {
            "tp": [
                155.8068238182032,
                139.51073568632128,
                210.21390819801897
            ]
        },
        "ow_sdev": 0.7734764064897373,
        "owf_hw": [
            156.8292895743382,
            152.42905037511565,
            222.95617204548566
        ],
        "owf_lw": [
            155.32195340471256,
            133.38465415530197,
            204.1713129292219
        ],
        "owf_threshold": 0.1,
        "v": [
            0.9812217793424473,
            0.09040163501926439,
            -0.170385927030033
        ]
    }
}