{
    "bci": {
        "channels": [
            "tb06v",
            "tb37h",
            "tb37v"
        ],
        "cice": {
            "fyi_tp": [
                256.09485291142397,
                242.6401094135818,
                256.92202853400516
            ],
            "myi_tp": [
                251.4046301558231,
                183.38162260965086,
                198.4711166118572
            ],
            "tp": [
                254.0802459716797,
                217.18661499023438,
                231.81541442871094
            ],
            "u": [
                0.05625986770172182,
                0.7108137079016588,
                0.7011267360080344
            ]
        },
        "cice_sdev": 2.2704308512593045,
        "n": 3,
        "ow": {
            "tp": [
                157.92431865993254,
                139.4666248060671,
                210.70315595767892
            ]
        },
        "ow_sdev": 2.5124700033940592,
        "owf_hw": [
            158.9397625288931,
            152.2962216598787,
            223.35791101715276
        ],
        "owf_lw": [
            157.43485972696254,
            133.28256975541242,
            204.60337723259084
        ],
        "owf_threshold": 0.1,
        "v": [
            0.710937857954075,
            0.46453014722678226,
            -0.5279953640375401
        ]
    },
    "bow": {
        "channels": [
            "tb06v",
            "tb37h",
            "tb37v"
        ],
        "cice": {
            "fyi_tp": [
                256.09485291142397,
                242.6401094135818,
                256.92202853400516
            ],
            "myi_tp": [
                251.4046301558231,
                183.38162260965086,
                198.4711166118572
            ],
            "tp": [
                254.0802459716797,
                217.18661499023438,
                231.81541442871094
            ],
            "u": [
                0.05625986770172182,
                0.7108137079016588,
                0.7011267360080344
            ]
        },
        "cice_sdev": 2.8175735903379553,
        "n": 3,
        "ow": {
            "tp": [
                157.92431865993254,
                139.4666248060671,
                210.70315595767892
            ]
        },
        "ow_sdev": 0.7873470584512035,
        "owf_hw": [
            158.9397625288931,
            152.2962216598787,
            223.35791101715276
        ],
        "owf_lw": [
            157.43485972696254,
            133.28256975541242,
            204.60337723259084
        ],
        "owf_threshold": 0.1,
        "v": [
            0.9812217793424473,
            0.09040163501926439,
            -0.170385927030033
        ]
    }
}