{
    "bci": {
        "channels": [
            "tb06v",
            "tb37h",
            "tb37v"
        ],
        "cice": {
            "fyi_tp": [
                255.80252485765024,
                239.48188230762756,
                254.1536538548574
            ],
            "myi_tp": [
                252.17275914635417,
                180.2891353836755,
                194.82404516048905
            ],
            "tp": [
                254.13958740234375,
                212.36337280273438,
                226.97244262695312
            ],
            "u": [
                0.043269919256850364,
                0.7056282922117452,
                0.7072598018534925
            ]
        },
        "cice_sdev": 2.3563874276168004,
        "n": 3,
        "ow": {
            "tp": [
                157.34439144797415,
                139.4839066224807,
                210.55528381382638
            ]
        },
        "ow_sdev": 2.214919959817838,
        "owf_hw": [
            158.12633152366652,
            152.23546820842887,
            223.33632876361418
        ],
        "owf_lw": [
            156.9708591328528,
            133.39249313866085,
            204.4497861444085
        ],
        "owf_threshold": 0.1,
        "v": [
            0.8032303349693426,
            0.39639699199506734,
            -0.4446239464112355
        ]
    },
    "bow": {
        "channels": [
            "tb06v",
            "tb37h",
            "tb37v"
        ],
        "cice": {
            "fyi_tp": [
                255.80252485765024,
                239.48188230762756,
                254.1536538548574
            ],
            "myi_tp": [
                252.17275914635417,
                180.2891353836755,
                194.82404516048905
            ],
            "tp": [
                254.13958740234375,
                212.36337280273438,
                226.97244262695312
            ],
            "u": [
                0.043269919256850364,
                0.7056282922117452,
                0.7072598018534925
            ]
        },
        "cice_sdev": 2.917075127554439,
        "n": 3,
        "ow": {
            "tp": [
                157.34439144797415,
                139.4839066224807,
                210.55528381382638
            ]
        },
        "ow_sdev": 1.395605573940157,
        "owf_hw": [
            158.12633152366652,
            152.23546820842887,
            223.33632876361418
        ],
        "owf_lw": [
            156.9708591328528,
            133.39249313866085,
            204.4497861444085
        ],
        "owf_threshold": 0.1,
        "v": [
            0.98729615167609,
            0.07813156221070737,
            -0.13835377794660858
        ]
    }
}