{
    "bci": {
        "channels": [
            "tb37h",
            "tb37v"
        ],
        "cice": {
            "fyi_tp": [
                242.59704422352405,
                256.86990066226207
            ],
            "myi_tp": [
                183.31600432158388,
                198.4192548861587
            ],
            "tp": [
                217.18661499023438,
                231.81541442871094
            ],
            "u": [
                0.7120764885702761,
                0.7021018974660483
            ]
        },
        "cice_sdev": 6.025491834667124,
        "n": 2,
        "ow": {
            "tp": [
                139.57736253439472,
                209.70558112288745
            ]
        },
        "ow_sdev": 9.387615003539846,
        "owf_hw": [
            152.4550393365567,
            222.40287061759614
        ],
        "owf_lw": [
            133.5333159347967,
            203.74619803123213
        ],
        "owf_threshold": 0.1,
        "v": [
            -0.7021018974660483,
            0.7120764885702761
        ]
    },
    "bow": {
        "channels": [
            "tb37h",
            "tb37v"
        ],
        "cice": {
            "fyi_tp": [
                242.59704422352405,
                256.86990066226207
            ],
            "myi_tp": [
                183.31600432158388,
                198.4192548861587
            ],
            "tp": [
                217.18661499023438,
                231.81541442871094
            ],
            "u": [
                0.7120764885702761,
                0.7021018974660483
            ]
        },
        "cice_sdev": 6.025491834667124,
        "n": 2,
        "ow": {
            "tp": [
                139.57736253439472,
                209.70558112288745
            ]
        },
        "ow_sdev": 9.387615003539846,
        "owf_hw": [
            152.4550393365567,
            222.40287061759614
        ],
        "owf_lw": [
            133.5333159347967,
            203.74619803123213
        ],
        "owf_threshold": 0.1,
        "v": [
            -0.7021018974660483,
            0.7120764885702761
        ]
    }
}