{
    "bci": {
        "channels": [
            "tb37h",
            "tb37v"
        ],
        "cice": {
            "fyi_tp": [
                239.47352111281992,
                254.13493217595163
            ],
            "myi_tp": [
                180.34491700668764,
                194.89216918146838
            ],
            "tp": [
                212.36337280273438,
                226.97244262695312
            ],
            "u": [
                0.706424509675929,
                0.7077883950229216
            ]
        },
        "cice_sdev": 7.970415232384945,
        "n": 2,
        "ow": {
            "tp": [
                152.5373992919922,
                215.739013671875
            ]
        },
        "ow_sdev": 18.506918294871788,
        "owf_hw": [
            172.4672003308595,
            235.70729293910654
        ],
        "owf_lw": [
            140.7631381702736,
            203.94202012511224
        ],
        "owf_threshold": 0.1,
        "v": [
            -0.7077883950229216,
            0.706424509675929
        ]
    },
    "bow": {
        "channels": [
            "tb37h",
            "tb37v"
        ],
        "cice": {
            "fyi_tp": [
                239.47352111281992,
                254.13493217595163
            ],
            "myi_tp": [
                180.34491700668764,
                194.89216918146838
            ],
            "tp": [
                212.36337280273438,
                226.97244262695312
            ],
            "u": [
                0.706424509675929,
                0.7077883950229216
            ]
        },
        "cice_sdev": 7.970415232384945,
        "n": 2,
        "ow": {
            "tp": [
                152.5373992919922,
                215.739013671875
            ]
        },
        "ow_sdev": 18.506918294871788,
        "owf_hw": [
            172.4672003308595,
            235.70729293910654
        ],
        "owf_lw": [
            140.7631381702736,
            203.94202012511224
        ],
        "owf_threshold": 0.1,
        "v": [
            -0.7077883950229216,
            0.706424509675929
        ]
    }
}