{
    "bci": {
        "channels": [
            "tb37h",
            "tb37v"
        ],
        "cice": {
            "fyi_tp": [
                242.59704422352405,
                256.86990066226207
            ],
            "myi_tp": [
                183.31600432158388,
                198.4192548861587
            ],
            "tp": [
                217.18661499023438,
                231.81541442871094
            ],
            "u": [
                0.7120764885702761,
                0.7021018974660483
            ]
        },
        "cice_sdev": 5.766614940944493,
        "n": 2,
        "ow": {
            "tp": [
                139.32901814270647,
                211.9034109296227
            ]
        },
        "ow_sdev": 9.547977741802335,
        "owf_hw": [
            152.36504959090792,
            224.75683687770612
        ],
        "owf_lw": [
            133.18503990145382,
            205.84549601400073
        ],
        "owf_threshold": 0.1,
        "v": [
            -0.7021018974660483,
            0.7120764885702761
        ]
    },
    "bow": {
        "channels": [
            "tb37h",
            "tb37v"
        ],
        "cice": {
            "fyi_tp": [
                242.59704422352405,
                256.86990066226207
            ],
            "myi_tp": [
                183.31600432158388,
                198.4192548861587
            ],
            "tp": [
                217.18661499023438,
                231.81541442871094
            ],
            "u": [
                0.7120764885702761,
                0.7021018974660483
            ]
        },
        "cice_sdev": 5.766614940944493,
        "n": 2,
        "ow": {
            "tp": [
                139.32901814270647,
                211.9034109296227
            ]
        },
        "ow_sdev": 9.547977741802335,
        "owf_hw": [
            152.36504959090792,
            224.75683687770612
        ],
        "owf_lw": [
            133.18503990145382,
            205.84549601400073
        ],
        "owf_threshold": 0.1,
        "v": [
            -0.7021018974660483,
            0.7120764885702761
        ]
    }
}