{
    "bci": {
        "channels": [
            "tb37h",
            "tb37v"
        ],
        "cice": {
            "fyi_tp": [
                242.59704422352405,
                256.86990066226207
            ],
            "myi_tp": [
                183.31600432158388,
                198.4192548861587
            ],
            "tp": [
                217.18661499023438,
                231.81541442871094
            ],
            "u": [
                0.7120764885702761,
                0.7021018974660483
            ]
        },
        "cice_sdev": 5.917646843089125,
        "n": 2,
        "ow": {
            "tp": [
                139.48077910091283,
                210.60197665160385
            ]
        },
        "ow_sdev": 9.411850391777637,
        "owf_hw": [
            152.43535519316453,
            223.37508825019103
        ],
        "owf_lw": [
            133.3883017418483,
            204.59484120656663
        ],
        "owf_threshold": 0.1,
        "v": [
            -0.7021018974660483,
            0.7120764885702761
        ]
    },
    "bow": {
        "channels": [
            "tb37h",
            "tb37v"
        ],
        "cice": {
            "fyi_tp": [
                242.59704422352405,
                256.86990066226207
            ],
            "myi_tp": [
                183.31600432158388,
                198.4192548861587
            ],
            "tp": [
                217.18661499023438,
                231.81541442871094
            ],
            "u": [
                0.7120764885702761,
                0.7021018974660483
            ]
        },
        "cice_sdev": 5.917646843089125,
        "n": 2,
        "ow": {
            "tp": [
                139.48077910091283,
                210.60197665160385
            ]
        },
        "ow_sdev": 9.411850391777637,
        "owf_hw": [
            152.43535519316453,
            223.37508825019103
        ],
        "owf_lw": [
            133.3883017418483,
            204.59484120656663
        ],
        "owf_threshold": 0.1,
        "v": [
            -0.7021018974660483,
            0.7120764885702761
        ]
    }
}