{
    "bci": {
        "channels": [
            "tb37h",
            "tb37v"
        ],
        "cice": {
            "fyi_tp": [
                239.47352111281992,
                254.13493217595163
            ],
            "myi_tp": [
                180.34491700668764,
                194.89216918146838
            ],
            "tp": [
                212.36337280273438,
                226.97244262695312
            ],
            "u": [
                0.706424509675929,
                0.7077883950229216
            ]
        },
        "cice_sdev": 6.829831800020719,
        "n": 2,
        "ow": {
            "tp": [
                139.45799470228357,
                210.76861200934238
            ]
        },
        "ow_sdev": 9.699842089672174,
        "owf_hw": [
            152.2855216730943,
            223.62090493296762
        ],
        "owf_lw": [
            133.27867197745906,
            204.5773589400815
        ],
        "owf_threshold": 0.1,
        "v": [
            -0.7077883950229216,
            0.706424509675929
        ]
    },
    "bow": {
        "channels": [
            "tb37h",
            "tb37v"
        ],
        "cice": {
            "fyi_tp": [
                239.47352111281992,
                254.13493217595163
            ],
            "myi_tp": [
                180.34491700668764,
                194.89216918146838
            ],
            "tp": [
                212.36337280273438,
                226.97244262695312
            ],
            "u": [
                0.706424509675929,
                0.7077883950229216
            ]
        },
        "cice_sdev": 6.829831800020719,
        "n": 2,
        "ow": {
            "tp": [
                139.45799470228357,
                210.76861200934238
            ]
        },
        "ow_sdev": 9.699842089672174,
        "owf_hw": [
            152.2855216730943,
            223.62090493296762
        ],
        "owf_lw": [
            133.27867197745906,
            204.5773589400815
        ],
        "owf_threshold": 0.1,
        "v": [
            -0.7077883950229216,
            0.706424509675929
        ]
    }
}