{
    "bci": {
        "channels": [
            "tb37h",
            "tb37v"
        ],
        "cice": {
            "fyi_tp": [
                242.59704422352405,
                256.86990066226207
            ],
            "myi_tp": [
                183.31600432158388,
                198.4192548861587
            ],
            "tp": [
                217.18661499023438,
                231.81541442871094
            ],
            "u": [
                0.7120764885702761,
                0.7021018974660483
            ]
        },
        "cice_sdev": 5.716407447060039,
        "n": 2,
        "ow": {
            "tp": [
                139.27101521784087,
                212.34558067192026
            ]
        },
        "ow_sdev": 9.562948000284397,
        "owf_hw": [
            152.37910921114383,
            225.27005973081987
        ],
        "owf_lw": [
            133.1616080278473,
            206.32175254483292
        ],
        "owf_threshold": 0.1,
        "v": [
            -0.7021018974660483,
            0.7120764885702761
        ]
    },
    "bow": {
        "channels": [
            "tb37h",
            "tb37v"
        ],
        "cice": {
            "fyi_tp": [
                242.59704422352405,
                256.86990066226207
            ],
            "myi_tp": [
                183.31600432158388,
                198.4192548861587
            ],
            "tp": [
                217.18661499023438,
                231.81541442871094
            ],
            "u": [
                0.7120764885702761,
                0.7021018974660483
            ]
        },
        "cice_sdev": 5.716407447060039,
        "n": 2,
        "ow": {
            "tp": [
                139.27101521784087,
                212.34558067192026
            ]
        },
        "ow_sdev": 9.562948000284397,
        "owf_hw": [
            152.37910921114383,
            225.27005973081987
        ],
        "owf_lw": [
            133.1616080278473,
            206.32175254483292
        ],
        "owf_threshold": 0.1,
        "v": [
            -0.7021018974660483,
            0.7120764885702761
        ]
    }
}