{
    "bci": {
        "channels": [
            "tb37h",
            "tb37v"
        ],
        "cice": {
            "fyi_tp": [
                242.59704422352405,
                256.86990066226207
            ],
            "myi_tp": [
                183.31600432158388,
                198.4192548861587
            ],
            "tp": [
                217.18661499023438,
                231.81541442871094
            ],
            "u": [
                0.7120764885702761,
                0.7021018974660483
            ]
        },
        "cice_sdev": 5.816227999651105,
        "n": 2,
        "ow": {
            "tp": [
                139.38137663320248,
                211.47005679061104
            ]
        },
        "ow_sdev": 9.506875080277313,
        "owf_hw": [
            152.34366440097097,
            224.2507720414742
        ],
        "owf_lw": [
            133.29109568519036,
            205.46508698984414
        ],
        "owf_threshold": 0.1,
        "v": [
            -0.7021018974660483,
            0.7120764885702761
        ]
    },
    "bow": {
        "channels": [
            "tb37h",
            "tb37v"
        ],
        "cice": {
            "fyi_tp": [
                242.59704422352405,
                256.86990066226207
            ],
            "myi_tp": [
                183.31600432158388,
                198.4192548861587
            ],
            "tp": [
                217.18661499023438,
                231.81541442871094
            ],
            "u": [
                0.7120764885702761,
                0.7021018974660483
            ]
        },
        "cice_sdev": 5.816227999651105,
        "n": 2,
        "ow": {
            "tp": [
                139.38137663320248,
                211.47005679061104
            ]
        },
        "ow_sdev": 9.506875080277313,
        "owf_hw": [
            152.34366440097097,
            224.2507720414742
        ],
        "owf_lw": [
            133.29109568519036,
            205.46508698984414
        ],
        "owf_threshold": 0.1,
        "v": [
            -0.7021018974660483,
            0.7120764885702761
        ]
    }
}