{
    "bci": {
        "channels": [
            "tb37h",
            "tb37v"
        ],
        "cice": {
            "fyi_tp": [
                242.59704422352405,
                256.86990066226207
            ],
            "myi_tp": [
                183.31600432158388,
                198.4192548861587
            ],
            "tp": [
                217.18661499023438,
                231.81541442871094
            ],
            "u": [
                0.7120764885702761,
                0.7021018974660483
            ]
        },
        "cice_sdev": 5.970554599563848,
        "n": 2,
        "ow": {
            "tp": [
                139.52188069204047,
                210.15154362335352
            ]
        },
        "ow_sdev": 9.347229566109053,
        "owf_hw": [
            152.4279873015285,
            222.876864687688
        ],
        "owf_lw": [
            133.42619289209236,
            204.14124270849356
        ],
        "owf_threshold": 0.1,
        "v": [
            -0.7021018974660483,
            0.7120764885702761
        ]
    },
    "bow": {
        "channels": [
            "tb37h",
            "tb37v"
        ],
        "cice": {
            "fyi_tp": [
                242.59704422352405,
                256.86990066226207
            ],
            "myi_tp": [
                183.31600432158388,
                198.4192548861587
            ],
            "tp": [
                217.18661499023438,
                231.81541442871094
            ],
            "u": [
                0.7120764885702761,
                0.7021018974660483
            ]
        },
        "cice_sdev": 5.970554599563848,
        "n": 2,
        "ow": {
            "tp": [
                139.52188069204047,
                210.15154362335352
            ]
        },
        "ow_sdev": 9.347229566109053,
        "owf_hw": [
            152.4279873015285,
            222.876864687688
        ],
        "owf_lw": [
            133.42619289209236,
            204.14124270849356
        ],
        "owf_threshold": 0.1,
        "v": [
            -0.7021018974660483,
            0.7120764885702761
        ]
    }
}