{
    "bci": {
        "channels": [
            "tb37h",
            "tb37v"
        ],
        "cice": {
            "fyi_tp": [
                242.59704422352405,
                256.86990066226207
            ],
            "myi_tp": [
                183.31600432158388,
                198.4192548861587
            ],
            "tp": [
                217.18661499023438,
                231.81541442871094
            ],
            "u": [
                0.7120764885702761,
                0.7021018974660483
            ]
        },
        "cice_sdev": 6.0792961745586265,
        "n": 2,
        "ow": {
            "tp": [
                139.6486868033461,
                209.29433455930567
            ]
        },
        "ow_sdev": 9.380362263853614,
        "owf_hw": [
            152.49999150981807,
            221.9656213721097
        ],
        "owf_lw": [
            133.58620206626586,
            203.31677160703174
        ],
        "owf_threshold": 0.1,
        "v": [
            -0.7021018974660483,
            0.7120764885702761
        ]
    },
    "bow": {
        "channels": [
            "tb37h",
            "tb37v"
        ],
        "cice": {
            "fyi_tp": [
                242.59704422352405,
                256.86990066226207
            ],
            "myi_tp": [
                183.31600432158388,
                198.4192548861587
            ],
            "tp": [
                217.18661499023438,
                231.81541442871094
            ],
            "u": [
                0.7120764885702761,
                0.7021018974660483
            ]
        },
        "cice_sdev": 6.0792961745586265,
        "n": 2,
        "ow": {
            "tp": [
                139.6486868033461,
                209.29433455930567
            ]
        },
        "ow_sdev": 9.380362263853614,
        "owf_hw": [
            152.49999150981807,
            221.9656213721097
        ],
        "owf_lw": [
            133.58620206626586,
            203.31677160703174
        ],
        "owf_threshold": 0.1,
        "v": [
            -0.7021018974660483,
            0.7120764885702761
        ]
    }
}