{
    "bci": {
        "channels": [
            "tb37h",
            "tb37v"
        ],
        "cice": {
            "fyi_tp": [
                242.59704422352405,
                256.86990066226207
            ],
            "myi_tp": [
                183.31600432158388,
                198.4192548861587
            ],
            "tp": [
                217.18661499023438,
                231.81541442871094
            ],
            "u": [
                0.7120764885702761,
                0.7021018974660483
            ]
        },
        "cice_sdev": 5.863952120262638,
        "n": 2,
        "ow": {
            "tp": [
                139.41043415097505,
                211.03993666983106
            ]
        },
        "ow_sdev": 9.506529821213208,
        "owf_hw": [
            152.3760501827764,
            223.82393356322876
        ],
        "owf_lw": [
            133.31401792981535,
            205.0289175373034
        ],
        "owf_threshold": 0.1,
        "v": [
            -0.7021018974660483,
            0.7120764885702761
        ]
    },
    "bow": {
        "channels": [
            "tb37h",
            "tb37v"
        ],
        "cice": {
            "fyi_tp": [
                242.59704422352405,
                256.86990066226207
            ],
            "myi_tp": [
                183.31600432158388,
                198.4192548861587
            ],
            "tp": [
                217.18661499023438,
                231.81541442871094
            ],
            "u": [
                0.7120764885702761,
                0.7021018974660483
            ]
        },
        "cice_sdev": 5.863952120262638,
        "n": 2,
        "ow": {
            "tp": [
                139.41043415097505,
                211.03993666983106
            ]
        },
        "ow_sdev": 9.506529821213208,
        "owf_hw": [
            152.3760501827764,
            223.82393356322876
        ],
        "owf_lw": [
            133.31401792981535,
            205.0289175373034
        ],
        "owf_threshold": 0.1,
        "v": [
            -0.7021018974660483,
            0.7120764885702761
        ]
    }
}