{
    "bci": {
        "channels": [
            "tb19v",
            "tb37h",
            "tb37v"
        ],
        "cice": {
            "fyi_tp": [
                259.98787049409856,
                242.54136943928728,
                256.87214152129934
            ],
            "myi_tp": [
                231.28093167960336,
                183.22441395870356,
                198.25241525154954
            ],
            "tp": [
                247.71722412109375,
                217.18661499023438,
                231.81541442871094
            ],
            "u": [
                0.3254834077253663,
                0.6725441862845223,
                0.6646389010510689
            ]
        },
        "cice_sdev": 3.2695762948719413,
        "n": 3,
        "ow": {
            "tp": [
                182.54003186185201,
                139.40239228213153,
                211.03559911035754
            ]
        },
        "ow_sdev": 4.174441988241957,
        "owf_hw": [
            188.56207702320907,
            151.845703881692,
            223.33264830894967
        ],
        "owf_lw": [
            179.73672370433079,
            133.60993540428146,
            205.311228500675
        ],
        "owf_threshold": 0.1,
        "v": [
            -0.5987433428141982,
            -0.3974371409296966,
            0.695377687624005
        ]
    },
    "bow": {
        "channels": [
            "tb19v",
            "tb37h",
            "tb37v"
        ],
        "cice": {
            "fyi_tp": [
                259.98787049409856,
                242.54136943928728,
                256.87214152129934
            ],
            "myi_tp": [
                231.28093167960336,
                183.22441395870356,
                198.25241525154954
            ],
            "tp": [
                247.71722412109375,
                217.18661499023438,
                231.81541442871094
            ],
            "u": [
                0.3254834077253663,
                0.6725441862845223,
                0.6646389010510689
            ]
        },
        "cice_sdev": 4.486471675633706,
        "n": 3,
        "ow": {
            "tp": [
                182.54003186185201,
                139.40239228213153,
                211.03559911035754
            ]
        },
        "ow_sdev": 1.4364810466083193,
        "owf_hw": [
            188.56207702320907,
            151.845703881692,
            223.33264830894967
        ],
        "owf_lw": [
            179.73672370433079,
            133.60993540428146,
            205.311228500675
        ],
        "owf_threshold": 0.1,
        "v": [
            0.9000223766794611,
            -0.0048797328585558465,
            -0.43581637151842584
        ]
    }
}