{
    "bci": {
        "channels": [
            "tb19v",
            "tb37h",
            "tb37v"
        ],
        "cice": {
            "fyi_tp": [
                259.98787049409856,
                242.54136943928728,
                256.87214152129934
            ],
            "myi_tp": [
                231.28093167960336,
                183.22441395870356,
                198.25241525154954
            ],
            "tp": [
                247.71722412109375,
                217.18661499023438,
                231.81541442871094
            ],
            "u": [
                0.3254834077253663,
                0.6725441862845223,
                0.6646389010510689
            ]
        },
        "cice_sdev": 3.2732494976593083,
        "n": 3,
        "ow": {
            "tp": [
                180.9825900583812,
                139.57072539277274,
                209.70125213110566
            ]
        },
        "ow_sdev": 4.020588580475649,
        "owf_hw": [
            186.96732659219873,
            151.9369464250281,
            221.92211690794537
        ],
        "owf_lw": [
            178.19464915982957,
            133.81002177924836,
            204.00826154839623
        ],
        "owf_threshold": 0.1,
        "v": [
            -0.5987433428141982,
            -0.3974371409296966,
            0.695377687624005
        ]
    },
    "bow": {
        "channels": [
            "tb19v",
            "tb37h",
            "tb37v"
        ],
        "cice": {
            "fyi_tp": [
                259.98787049409856,
                242.54136943928728,
                256.87214152129934
            ],
            "myi_tp": [
                231.28093167960336,
                183.22441395870356,
                198.25241525154954
            ],
            "tp": [
                247.71722412109375,
                217.18661499023438,
                231.81541442871094
            ],
            "u": [
                0.3254834077253663,
                0.6725441862845223,
                0.6646389010510689
            ]
        },
        "cice_sdev": 4.412869705782223,
        "n": 3,
        "ow": {
            "tp": [
                180.9825900583812,
                139.57072539277274,
                209.70125213110566
            ]
        },
        "ow_sdev": 1.4031305004859203,
        "owf_hw": [
            186.96732659219873,
            151.9369464250281,
            221.92211690794537
        ],
        "owf_lw": [
            178.19464915982957,
            133.81002177924836,
            204.00826154839623
        ],
        "owf_threshold": 0.1,
        "v": [
            0.9000223766794611,
            -0.0048797328585558465,
            -0.43581637151842584
        ]
    }
}