{
    "bci": {
        "channels": [
            "tb19v",
            "tb37h",
            "tb37v"
        ],
        "cice": {
            "fyi_tp": [
                259.98787049409856,
                242.54136943928728,
                256.87214152129934
            ],
            "myi_tp": [
                231.28093167960336,
                183.22441395870356,
                198.25241525154954
            ],
            "tp": [
                247.71722412109375,
                217.18661499023438,
                231.81541442871094
            ],
            "u": [
                0.3254834077253663,
                0.6725441862845223,
                0.6646389010510689
            ]
        },
        "cice_sdev": 3.2672250104957334,
        "n": 3,
        "ow": {
            "tp": [
                184.0869666499863,
                139.26120481128268,
                212.34429340021507
            ]
        },
        "ow_sdev": 4.26905431315749,
        "owf_hw": [
            190.15201921260365,
            151.79338231613445,
            224.72916394770627
        ],
        "owf_lw": [
            181.27702631160264,
            133.45504390251878,
            206.60637984089104
        ],
        "owf_threshold": 0.1,
        "v": [
            -0.5987433428141982,
            -0.3974371409296966,
            0.695377687624005
        ]
    },
    "bow": {
        "channels": [
            "tb19v",
            "tb37h",
            "tb37v"
        ],
        "cice": {
            "fyi_tp": [
                259.98787049409856,
                242.54136943928728,
                256.87214152129934
            ],
            "myi_tp": [
                231.28093167960336,
                183.22441395870356,
                198.25241525154954
            ],
            "tp": [
                247.71722412109375,
                217.18661499023438,
                231.81541442871094
            ],
            "u": [
                0.3254834077253663,
                0.6725441862845223,
                0.6646389010510689
            ]
        },
        "cice_sdev": 4.5627204535563965,
        "n": 3,
        "ow": {
            "tp": [
                184.0869666499863,
                139.26120481128268,
                212.34429340021507
            ]
        },
        "ow_sdev": 1.44709520822612,
        "owf_hw": [
            190.15201921260365,
            151.79338231613445,
            224.72916394770627
        ],
        "owf_lw": [
            181.27702631160264,
            133.45504390251878,
            206.60637984089104
        ],
        "owf_threshold": 0.1,
        "v": [
            0.9000223766794611,
            -0.0048797328585558465,
            -0.43581637151842584
        ]
    }
}