{
    "bci": {
        "channels": [
            "tb19v",
            "tb37h",
            "tb37v"
        ],
        "cice": {
            "fyi_tp": [
                259.98787049409856,
                242.54136943928728,
                256.87214152129934
            ],
            "myi_tp": [
                231.28093167960336,
                183.22441395870356,
                198.25241525154954
            ],
            "tp": [
                247.71722412109375,
                217.18661499023438,
                231.81541442871094
            ],
            "u": [
                0.3254834077253663,
                0.6725441862845223,
                0.6646389010510689
            ]
        },
        "cice_sdev": 3.276238537819193,
        "n": 3,
        "ow": {
            "tp": [
                180.54259519936912,
                139.63521035474088,
                209.28653767876048
            ]
        },
        "ow_sdev": 3.9708615273419663,
        "owf_hw": [
            186.51220631324543,
            151.97017783303573,
            221.47651626524737
        ],
        "owf_lw": [
            177.7572404079695,
            133.87985039711086,
            203.59882794101802
        ],
        "owf_threshold": 0.1,
        "v": [
            -0.5987433428141982,
            -0.3974371409296966,
            0.695377687624005
        ]
    },
    "bow": {
        "channels": [
            "tb19v",
            "tb37h",
            "tb37v"
        ],
        "cice": {
            "fyi_tp": [
                259.98787049409856,
                242.54136943928728,
                256.87214152129934
            ],
            "myi_tp": [
                231.28093167960336,
                183.22441395870356,
                198.25241525154954
            ],
            "tp": [
                247.71722412109375,
                217.18661499023438,
                231.81541442871094
            ],
            "u": [
                0.3254834077253663,
                0.6725441862845223,
                0.6646389010510689
            ]
        },
        "cice_sdev": 4.393942227942022,
        "n": 3,
        "ow": {
            "tp": [
                180.54259519936912,
                139.63521035474088,
                209.28653767876048
            ]
        },
        "ow_sdev": 1.3737720631324823,
        "owf_hw": [
            186.51220631324543,
            151.97017783303573,
            221.47651626524737
        ],
        "owf_lw": [
            177.7572404079695,
            133.87985039711086,
            203.59882794101802
        ],
        "owf_threshold": 0.1,
        "v": [
            0.9000223766794611,
            -0.0048797328585558465,
            -0.43581637151842584
        ]
    }
}