{
    "bci": {
        "channels": [
            "tb19v",
            "tb37h",
            "tb37v"
        ],
        "cice": {
            "fyi_tp": [
                259.98787049409856,
                242.54136943928728,
                256.87214152129934
            ],
            "myi_tp": [
                231.28093167960336,
                183.22441395870356,
                198.25241525154954
            ],
            "tp": [
                247.71722412109375,
                217.18661499023438,
                231.81541442871094
            ],
            "u": [
                0.3254834077253663,
                0.6725441862845223,
                0.6646389010510689
            ]
        },
        "cice_sdev": 3.2693362934880974,
        "n": 3,
        "ow": {
            "tp": [
                183.05473050383296,
                139.3727653214057,
                211.46769661425867
            ]
        },
        "ow_sdev": 4.186867858985322,
        "owf_hw": [
            189.07958482832592,
            151.8218814759467,
            223.77048213935845
        ],
        "owf_lw": [
            180.24821256946552,
            133.57367610314765,
            205.73677162267816
        ],
        "owf_threshold": 0.1,
        "v": [
            -0.5987433428141982,
            -0.3974371409296966,
            0.695377687624005
        ]
    },
    "bow": {
        "channels": [
            "tb19v",
            "tb37h",
            "tb37v"
        ],
        "cice": {
            "fyi_tp": [
                259.98787049409856,
                242.54136943928728,
                256.87214152129934
            ],
            "myi_tp": [
                231.28093167960336,
                183.22441395870356,
                198.25241525154954
            ],
            "tp": [
                247.71722412109375,
                217.18661499023438,
                231.81541442871094
            ],
            "u": [
                0.3254834077253663,
                0.6725441862845223,
                0.6646389010510689
            ]
        },
        "cice_sdev": 4.5116829034163395,
        "n": 3,
        "ow": {
            "tp": [
                183.05473050383296,
                139.3727653214057,
                211.46769661425867
            ]
        },
        "ow_sdev": 1.444455810389875,
        "owf_hw": [
            189.07958482832592,
            151.8218814759467,
            223.77048213935845
        ],
        "owf_lw": [
            180.24821256946552,
            133.57367610314765,
            205.73677162267816
        ],
        "owf_threshold": 0.1,
        "v": [
            0.9000223766794611,
            -0.0048797328585558465,
            -0.43581637151842584
        ]
    }
}