{
    "bci": {
        "channels": [
            "tb19v",
            "tb37h",
            "tb37v"
        ],
        "cice": {
            "fyi_tp": [
                258.882076098783,
                239.2288494601094,
                253.95874890737974
            ],
            "myi_tp": [
                230.33406325369694,
                180.20734778579316,
                194.67179332393698
            ],
            "tp": [
                245.88755798339844,
                212.36337280273438,
                226.97244262695312
            ],
            "u": [
                0.32296385072198774,
                0.6677106234878454,
                0.6707137052485945
            ]
        },
        "cice_sdev": 3.6075827750744867,
        "n": 3,
        "ow": {
            "tp": [
                182.2350442789855,
                139.44979699175644,
                210.76629937090829
            ]
        },
        "ow_sdev": 3.3879883899009284,
        "owf_hw": [
            188.20344466283802,
            151.78914807584343,
            223.16114767022083
        ],
        "owf_lw": [
            179.28010013311305,
            133.34060677247496,
            204.6296325815752
        ],
        "owf_threshold": 0.1,
        "v": [
            -0.6971061589593629,
            -0.31149053070503163,
            0.6457682652639576
        ]
    },
    "bow": {
        "channels": [
            "tb19v",
            "tb37h",
            "tb37v"
        ],
        "cice": {
            "fyi_tp": [
                258.882076098783,
                239.2288494601094,
                253.95874890737974
            ],
            "myi_tp": [
                230.33406325369694,
                180.20734778579316,
                194.67179332393698
            ],
            "tp": [
                245.88755798339844,
                212.36337280273438,
                226.97244262695312
            ],
            "u": [
                0.32296385072198774,
                0.6677106234878454,
                0.6707137052485945
            ]
        },
        "cice_sdev": 4.432299509369679,
        "n": 3,
        "ow": {
            "tp": [
                182.2350442789855,
                139.44979699175644,
                210.76629937090829
            ]
        },
        "ow_sdev": 1.8669048675237838,
        "owf_hw": [
            188.20344466283802,
            151.78914807584343,
            223.16114767022083
        ],
        "owf_lw": [
            179.28010013311305,
            133.34060677247496,
            204.6296325815752
        ],
        "owf_threshold": 0.1,
        "v": [
            -0.892207468362213,
            -0.021588050843674506,
            0.4511095093870937
        ]
    }
}