{
    "bci": {
        "channels": [
            "tb19v",
            "tb37h",
            "tb37v"
        ],
        "cice": {
            "fyi_tp": [
                259.98787049409856,
                242.54136943928728,
                256.87214152129934
            ],
            "myi_tp": [
                231.28093167960336,
                183.22441395870356,
                198.25241525154954
            ],
            "tp": [
                247.71722412109375,
                217.18661499023438,
                231.81541442871094
            ],
            "u": [
                0.3254834077253663,
                0.6725441862845223,
                0.6646389010510689
            ]
        },
        "cice_sdev": 3.2716705074625207,
        "n": 3,
        "ow": {
            "tp": [
                182.04272813701564,
                139.4816739139238,
                210.60163843708224
            ]
        },
        "ow_sdev": 4.082628459492684,
        "owf_hw": [
            188.0550675217259,
            151.9049305321788,
            222.87886838660899
        ],
        "owf_lw": [
            179.2447387377693,
            133.70020715068824,
            204.88812876092464
        ],
        "owf_threshold": 0.1,
        "v": [
            -0.5987433428141982,
            -0.3974371409296966,
            0.695377687624005
        ]
    },
    "bow": {
        "channels": [
            "tb19v",
            "tb37h",
            "tb37v"
        ],
        "cice": {
            "fyi_tp": [
                259.98787049409856,
                242.54136943928728,
                256.87214152129934
            ],
            "myi_tp": [
                231.28093167960336,
                183.22441395870356,
                198.25241525154954
            ],
            "tp": [
                247.71722412109375,
                217.18661499023438,
                231.81541442871094
            ],
            "u": [
                0.3254834077253663,
                0.6725441862845223,
                0.6646389010510689
            ]
        },
        "cice_sdev": 4.4630035543834845,
        "n": 3,
        "ow": {
            "tp": [
                182.04272813701564,
                139.4816739139238,
                210.60163843708224
            ]
        },
        "ow_sdev": 1.4134464658698842,
        "owf_hw": [
            188.0550675217259,
            151.9049305321788,
            222.87886838660899
        ],
        "owf_lw": [
            179.2447387377693,
            133.70020715068824,
            204.88812876092464
        ],
        "owf_threshold": 0.1,
        "v": [
            0.9000223766794611,
            -0.0048797328585558465,
            -0.43581637151842584
        ]
    }
}