{
    "bci": {
        "channels": [
            "tb19v",
            "tb37h",
            "tb37v"
        ],
        "cice": {
            "fyi_tp": [
                259.98787049409856,
                242.54136943928728,
                256.87214152129934
            ],
            "myi_tp": [
                231.28093167960336,
                183.22441395870356,
                198.25241525154954
            ],
            "tp": [
                247.71722412109375,
                217.18661499023438,
                231.81541442871094
            ],
            "u": [
                0.3254834077253663,
                0.6725441862845223,
                0.6646389010510689
            ]
        },
        "cice_sdev": 3.268443069100621,
        "n": 3,
        "ow": {
            "tp": [
                183.5664808335287,
                139.32548574480123,
                211.90311752070534
            ]
        },
        "ow_sdev": 4.236424411805826,
        "owf_hw": [
            189.61643079168536,
            151.82645683916724,
            224.25714846718
        ],
        "owf_lw": [
            180.7468472939698,
            133.49929583934457,
            206.14541039149768
        ],
        "owf_threshold": 0.1,
        "v": [
            -0.5987433428141982,
            -0.3974371409296966,
            0.695377687624005
        ]
    },
    "bow": {
        "channels": [
            "tb19v",
            "tb37h",
            "tb37v"
        ],
        "cice": {
            "fyi_tp": [
                259.98787049409856,
                242.54136943928728,
                256.87214152129934
            ],
            "myi_tp": [
                231.28093167960336,
                183.22441395870356,
                198.25241525154954
            ],
            "tp": [
                247.71722412109375,
                217.18661499023438,
                231.81541442871094
            ],
            "u": [
                0.3254834077253663,
                0.6725441862845223,
                0.6646389010510689
            ]
        },
        "cice_sdev": 4.536804779208943,
        "n": 3,
        "ow": {
            "tp": [
                183.5664808335287,
                139.32548574480123,
                211.90311752070534
            ]
        },
        "ow_sdev": 1.4268860021707968,
        "owf_hw": [
            189.61643079168536,
            151.82645683916724,
            224.25714846718
        ],
        "owf_lw": [
            180.7468472939698,
            133.49929583934457,
            206.14541039149768
        ],
        "owf_threshold": 0.1,
        "v": [
            0.9000223766794611,
            -0.0048797328585558465,
            -0.43581637151842584
        ]
    }
}