{
    "bci": {
        "channels": [
            "tb19v",
            "tb37h",
            "tb37v"
        ],
        "cice": {
            "fyi_tp": [
                259.98787049409856,
                242.54136943928728,
                256.87214152129934
            ],
            "myi_tp": [
                231.28093167960336,
                183.22441395870356,
                198.25241525154954
            ],
            "tp": [
                247.71722412109375,
                217.18661499023438,
                231.81541442871094
            ],
            "u": [
                0.3254834077253663,
                0.6725441862845223,
                0.6646389010510689
            ]
        },
        "cice_sdev": 3.271049470489304,
        "n": 3,
        "ow": {
            "tp": [
                181.4787295243624,
                139.50712349573254,
                210.14570275963206
            ]
        },
        "ow_sdev": 4.0168772793507665,
        "owf_hw": [
            187.47559107538464,
            151.89839836986147,
            222.39132688800512
        ],
        "owf_lw": [
            178.68021993158064,
            133.72458186007745,
            204.43113084542637
        ],
        "owf_threshold": 0.1,
        "v": [
            -0.5987433428141982,
            -0.3974371409296966,
            0.695377687624005
        ]
    },
    "bow": {
        "channels": [
            "tb19v",
            "tb37h",
            "tb37v"
        ],
        "cice": {
            "fyi_tp": [
                259.98787049409856,
                242.54136943928728,
                256.87214152129934
            ],
            "myi_tp": [
                231.28093167960336,
                183.22441395870356,
                198.25241525154954
            ],
            "tp": [
                247.71722412109375,
                217.18661499023438,
                231.81541442871094
            ],
            "u": [
                0.3254834077253663,
                0.6725441862845223,
                0.6646389010510689
            ]
        },
        "cice_sdev": 4.435304754800573,
        "n": 3,
        "ow": {
            "tp": [
                181.4787295243624,
                139.50712349573254,
                210.14570275963206
            ]
        },
        "ow_sdev": 1.4067862092690424,
        "owf_hw": [
            187.47559107538464,
            151.89839836986147,
            222.39132688800512
        ],
        "owf_lw": [
            178.68021993158064,
            133.72458186007745,
            204.43113084542637
        ],
        "owf_threshold": 0.1,
        "v": [
            0.9000223766794611,
            -0.0048797328585558465,
            -0.43581637151842584
        ]
    }
}