{
    "bci": {
        "channels": [
            "tb19v",
            "tb37h",
            "tb37v"
        ],
        "cice": {
            "fyi_tp": [
                258.882076098783,
                239.2288494601094,
                253.95874890737974
            ],
            "myi_tp": [
                230.33406325369694,
                180.20734778579316,
                194.67179332393698
            ],
            "tp": [
                245.88755798339844,
                212.36337280273438,
                226.97244262695312
            ],
            "u": [
                0.32296385072198774,
                0.6677106234878454,
                0.6707137052485945
            ]
        },
        "cice_sdev": 4.103305728726145,
        "n": 3,
        "ow": {
            "tp": [
                190.80581665039062,
                152.5373992919922,
                215.739013671875
            ]
        },
        "ow_sdev": 8.460368046325415,
        "owf_hw": [
            200.41169102278727,
            172.39703482705428,
            235.6879695010174
        ],
        "owf_lw": [
            185.1302817715361,
            140.8035320987591,
            203.9523724754862
        ],
        "owf_threshold": 0.1,
        "v": [
            -0.6971061589593629,
            -0.31149053070503163,
            0.6457682652639576
        ]
    },
    "bow": {
        "channels": [
            "tb19v",
            "tb37h",
            "tb37v"
        ],
        "cice": {
            "fyi_tp": [
                258.882076098783,
                239.2288494601094,
                253.95874890737974
            ],
            "myi_tp": [
                230.33406325369694,
                180.20734778579316,
                194.67179332393698
            ],
            "tp": [
                245.88755798339844,
                212.36337280273438,
                226.97244262695312
            ],
            "u": [
                0.32296385072198774,
                0.6677106234878454,
                0.6707137052485945
            ]
        },
        "cice_sdev": 6.456595702430199,
        "n": 3,
        "ow": {
            "tp": [
                190.80581665039062,
                152.5373992919922,
                215.739013671875
            ]
        },
        "ow_sdev": 3.8545813917619784,
        "owf_hw": [
            200.41169102278727,
            172.39703482705428,
            235.6879695010174
        ],
        "owf_lw": [
            185.1302817715361,
            140.8035320987591,
            203.9523724754862
        ],
        "owf_threshold": 0.1,
        "v": [
            -0.9417493065837425,
            0.1564786517065472,
            0.29769560814554313
        ]
    }
}